<?xml version="1.0" encoding="UTF-8"?>
<portlet-app xmlns="http://java.sun.com/xml/ns/portlet/portlet-app_2_0.xsd" version="2.0" xmlns:xsi="http://www.w3.org/2001/XMLSchema-instance" xsi:schemaLocation="http://java.sun.com/xml/ns/portlet/portlet-app_2_0.xsd http://java.sun.com/xml/ns/portlet/portlet-app_2_0.xsd" id="com.ibm.kpimanager.KPIManagerPortlet.9cccf35fa3">
	<portlet>
		<portlet-name>KPIManager</portlet-name>
		<display-name xml:lang="bg">KPIManager</display-name>
		<display-name xml:lang="en">KPIManager</display-name>
		<display-name>KPIManager</display-name>
		<portlet-class>com.ibm.kpimanager.KPIManagerPortlet</portlet-class>
		<init-param>
			<name>wps.markup</name>
			<value>html</value>
		</init-param>
		<expiration-cache>0</expiration-cache>
		<supports>
			<mime-type>text/html</mime-type>
			<portlet-mode>view</portlet-mode>
			<portlet-mode>config</portlet-mode>
			<portlet-mode>edit_defaults</portlet-mode>
		</supports>
		<supported-locale>en</supported-locale>
		<supported-locale>bg</supported-locale>
		<resource-bundle>com.ibm.kpimanager.nl.KPIManagerPortletResource</resource-bundle>
		<portlet-info>
			<title>KPIManager</title>
			<short-title>KPIManager</short-title>
			<keywords>KPIManager</keywords>
		</portlet-info>
		<portlet-preferences>
			<preference>
				<name>wps.max.items</name>
				<value>500</value>
			</preference>
			<preference>
				<name>wps.results.per.page</name>
				<value>10</value>
			</preference>
			<preference>
				<name>wps.admin.group.name</name>
				<value></value>
			</preference>
		</portlet-preferences>
	</portlet>
	<custom-portlet-mode>
		<portlet-mode>config</portlet-mode>
	</custom-portlet-mode>
	<custom-portlet-mode>
		<portlet-mode>edit_defaults</portlet-mode>
	</custom-portlet-mode>
	<default-namespace>http://KPIManager/</default-namespace>
</portlet-app>
