<?xml version="1.0" encoding="UTF-8"?>
<portlet-app xmlns="http://java.sun.com/xml/ns/portlet/portlet-app_2_0.xsd"
	version="2.0" xmlns:xsi="http://www.w3.org/2001/XMLSchema-instance"
	xsi:schemaLocation="http://java.sun.com/xml/ns/portlet/portlet-app_2_0.xsd http://java.sun.com/xml/ns/portlet/portlet-app_2_0.xsd"
	id="com.ibm.kpiviewer.KPIViewerPortlet.17f650e2c3">
	<portlet>
		<portlet-name>KPIViewer</portlet-name>
		<display-name xml:lang="bg">KPIViewer</display-name>
		<display-name xml:lang="en">KPIViewer</display-name>
		<display-name>KPIViewer</display-name>
		<portlet-class>com.ibm.kpiviewer.KPIViewerPortlet</portlet-class>
		<init-param>
			<name>wps.markup</name>
			<value>html</value>
		</init-param>
		<expiration-cache>0</expiration-cache>
		<supports>
			<mime-type>text/html</mime-type>
			<portlet-mode>view</portlet-mode>
			<portlet-mode>edit_defaults</portlet-mode>
			<portlet-mode>config</portlet-mode>
		</supports>
		<supported-locale>en</supported-locale>
		<supported-locale>bg</supported-locale>
		<resource-bundle>com.ibm.kpiviewer.nl.KPIViewerPortletResource</resource-bundle>
		<portlet-info>
			<title>KPIViewer</title>
			<short-title>KPIViewer</short-title>
			<keywords>KPIViewer</keywords>
		</portlet-info>
		<portlet-preferences>
			<preference>
				<name>wps.results.per.page</name>
				<value>10</value>
			</preference>
			<preference>
				<name>wps.mode</name>
				<value>2</value>
			</preference>
		</portlet-preferences>
	</portlet>
	<custom-portlet-mode>
		<portlet-mode>config</portlet-mode>
	</custom-portlet-mode>
	<custom-portlet-mode>
		<portlet-mode>edit_defaults</portlet-mode>
	</custom-portlet-mode>
	<default-namespace>http://KPIViewer/</default-namespace>
	<container-runtime-option>
		<name>com.ibm.portal.public.session</name>
		<value>true</value>
	</container-runtime-option>
</portlet-app>
