<?xml version="1.0" encoding="UTF-8"?>
<portlet-app xmlns="http://java.sun.com/xml/ns/portlet/portlet-app_2_0.xsd"
	version="2.0" xmlns:xsi="http://www.w3.org/2001/XMLSchema-instance"
	xsi:schemaLocation="http://java.sun.com/xml/ns/portlet/portlet-app_2_0.xsd http://java.sun.com/xml/ns/portlet/portlet-app_2_0.xsd"
	id="com.ibm.pollviewer.PollViewerPortlet.cebc88f1c3">
	<portlet>
		<portlet-name>PollViewer</portlet-name>
		<display-name xml:lang="bg">PollViewer</display-name>
		<display-name xml:lang="en">PollViewer</display-name>
		<display-name>PollViewer</display-name>
		<portlet-class>com.ibm.pollviewer.PollViewerPortlet</portlet-class>
		<init-param>
			<name>wps.markup</name>
			<value>html</value>
		</init-param>
		<expiration-cache>0</expiration-cache>
		<supports>
			<mime-type>text/html</mime-type>
			<portlet-mode>view</portlet-mode>
			<portlet-mode>config</portlet-mode>
			<portlet-mode>edit_defaults</portlet-mode>
		</supports>
		<supported-locale>en</supported-locale>
		<supported-locale>bg</supported-locale>
		<resource-bundle>com.ibm.pollviewer.nl.PollViewerPortletResource</resource-bundle>
		<portlet-info>
			<title>PollViewer</title>
			<short-title>PollViewer</short-title>
			<keywords>PollViewer</keywords>
		</portlet-info>
		<portlet-preferences>
			<preference>
				<name>wps.poll.id</name>
				<value></value>
			</preference>
			<preference>
				<name>wps.poll.width</name>
				<value></value>
			</preference>
			<preference>
				<name>wps.poll.height</name>
				<value></value>
			</preference>
		</portlet-preferences>
	</portlet>
	<custom-portlet-mode>
		<portlet-mode>config</portlet-mode>
	</custom-portlet-mode>
	<custom-portlet-mode>
		<portlet-mode>edit_defaults</portlet-mode>
	</custom-portlet-mode>
	<default-namespace>http://PollViewer/</default-namespace>
	<container-runtime-option>
		<name>com.ibm.portal.public.session</name>
		<value>true</value>
	</container-runtime-option>
</portlet-app>
