<?xml version="1.0" encoding="UTF-8"?>
<portlet-app xmlns="http://java.sun.com/xml/ns/portlet/portlet-app_2_0.xsd" version="2.0" xmlns:xsi="http://www.w3.org/2001/XMLSchema-instance" xsi:schemaLocation="http://java.sun.com/xml/ns/portlet/portlet-app_2_0.xsd http://java.sun.com/xml/ns/portlet/portlet-app_2_0.xsd" id="com.ibs.gateway.ARGatewayPortlet.d54daeed6a">
	<portlet>
		<portlet-name>ARGateway</portlet-name>
		<display-name xml:lang="bg">Диспечер (Административен регистър)</display-name>
		<display-name xml:lang="en">Gateway (Administrative Register)</display-name>
		<display-name>ARGateway</display-name>
		<portlet-class>com.ibs.gateway.ARGatewayPortlet</portlet-class>
		<init-param>
			<name>wps.markup</name>
			<value>html</value>
		</init-param>
		<expiration-cache>0</expiration-cache>
		<supports>
			<mime-type>text/html</mime-type>
			<portlet-mode>view</portlet-mode>
			<portlet-mode>config</portlet-mode>
			<portlet-mode>edit_defaults</portlet-mode>
		</supports>
		<supported-locale>en</supported-locale>
		<supported-locale>bg</supported-locale>
		<resource-bundle>com.ibs.gateway.nl.ARGatewayPortletResource</resource-bundle>
		<portlet-info>
			<title>ARGateway</title>
			<short-title>ARGateway</short-title>
			<keywords>administrative,register,gateway</keywords>
		</portlet-info>
		<portlet-preferences>
			<preference>
				<name>wps.max.items</name>
				<value>100</value>
			</preference>
			<preference>
				<name>results.per.page</name>
				<value>10</value>
			</preference>
			<preference>
				<name>language</name>
				<value>bg</value>
			</preference>
			<preference>
				<name>theme</name>
				<value>ibm</value>
			</preference>
		</portlet-preferences>
	</portlet>
	<custom-portlet-mode>
		<portlet-mode>config</portlet-mode>
	</custom-portlet-mode>
	<custom-portlet-mode>
		<portlet-mode>edit_defaults</portlet-mode>
	</custom-portlet-mode>
	<default-namespace>http://ARGateway/</default-namespace>
</portlet-app>
