

{
	"sEmptyTable":   "Няма намерени резултати",	
	"sInfo":         "Резултати от _START_ до _END_ от общо _TOTAL_",
	"sInfoEmpty":    "Резултати от 0 до 0 от общо 0",
	"sInfoFiltered": "(филтрирани от общо _MAX_ резултата)",
	"sInfoPostFix":  "",
	"sLengthMenu":   "Брой резултати _MENU_",	
	"sProcessing":   "<span class=\"spinner\"></span>Зареждане на данните...",
	"sSearch":       "Търсене в резултати:",    
	"sZeroRecords":  "Няма намерени резултати",	
	"oPaginate": {
		"sFirst":    "Първа",
		"sPrevious": "Предишна",
		"sNext":     "Следваща",
		"sLast":     "Последна"
	},
	"oAria": {
        "sSortAscending":  ": за сортиране по възходящ ред",
        "sSortDescending": ": за сортиране по низходящ ред"
    }
}
