<?xml version="1.0" encoding="UTF-8"?>
<portlet-app xmlns="http://java.sun.com/xml/ns/portlet/portlet-app_2_0.xsd" version="2.0" xmlns:xsi="http://www.w3.org/2001/XMLSchema-instance" xsi:schemaLocation="http://java.sun.com/xml/ns/portlet/portlet-app_2_0.xsd http://java.sun.com/xml/ns/portlet/portlet-app_2_0.xsd" id="com.ibs.portlet.IBSCustomPortlet8.8daaf35fa8">
	<portlet>
		<portlet-name>MySpaceConfirmationPortlet</portlet-name>
		<display-name xml:lang="bg">Моето Пространство (потвърждение)</display-name>
		<display-name xml:lang="en">My Space (Confirmation)</display-name>
		<display-name>My Space (Confirmation)</display-name>
		<portlet-class>com.ibs.myspace.confirmation.portlet.MySpaceConfirmationPortlet</portlet-class>
		<init-param>
			<name>wps.markup</name>
			<value>html</value>
		</init-param>
		<expiration-cache>0</expiration-cache>
		<supports>
			<mime-type>text/html</mime-type>
			<portlet-mode>view</portlet-mode>
			<portlet-mode>config</portlet-mode>
			<portlet-mode>edit_defaults</portlet-mode>
		</supports>
		<supported-locale>en</supported-locale>
		<supported-locale>bg</supported-locale>
		<resource-bundle>com.ibs.myspace.confirmation.portlet.nl.MySpaceConfirmationPortletResource</resource-bundle>
		<portlet-info>
			<title>MySpaceConfirmationPortlet</title>
			<short-title>MySpaceConfirmationPortlet</short-title>
			<keywords>MySpaceConfirmationPortlet</keywords>
		</portlet-info>		
	</portlet>
	<custom-portlet-mode>
		<portlet-mode>config</portlet-mode>
	</custom-portlet-mode>
	<custom-portlet-mode>
		<portlet-mode>edit_defaults</portlet-mode>
	</custom-portlet-mode>
	<default-namespace>http://MySpaceConfirmationPortlet/</default-namespace>
	<container-runtime-option>
		<name>com.ibm.portal.public.session</name>
		<value>true</value>
	</container-runtime-option>
</portlet-app>
