<?xml version="1.0" encoding="UTF-8"?>
<portlet-app xmlns="http://java.sun.com/xml/ns/portlet/portlet-app_2_0.xsd" version="2.0" xmlns:xsi="http://www.w3.org/2001/XMLSchema-instance" xsi:schemaLocation="http://java.sun.com/xml/ns/portlet/portlet-app_2_0.xsd http://java.sun.com/xml/ns/portlet/portlet-app_2_0.xsd" id="com.ibm.navigation.NavigationPortlet.2e324aade4">
	<portlet>
		<portlet-name>Navigation</portlet-name>
		<display-name xml:lang="bg">Навигатор</display-name>
		<display-name xml:lang="en">Navigation</display-name>
		<display-name>Navigation</display-name>
		<portlet-class>com.ibm.navigation.NavigationPortlet</portlet-class>
		<init-param>
			<name>wps.markup</name>
			<value>html</value>
		</init-param>
		<expiration-cache>0</expiration-cache>
		<supports>
			<mime-type>text/html</mime-type>
			<portlet-mode>view</portlet-mode>
			<portlet-mode>config</portlet-mode>
			<portlet-mode>edit_defaults</portlet-mode>
		</supports>
		<supported-locale>en</supported-locale>
		<supported-locale>bg</supported-locale>
		<resource-bundle>com.ibm.navigation.nl.NavigationPortletResource</resource-bundle>
		<portlet-info>
			<title>Navigation</title>
			<short-title>Navigation</short-title>
			<keywords>Navigation</keywords>
		</portlet-info>
	</portlet>
	<custom-portlet-mode>
		<portlet-mode>config</portlet-mode>
	</custom-portlet-mode>
	<custom-portlet-mode>
		<portlet-mode>edit_defaults</portlet-mode>
	</custom-portlet-mode>
	<default-namespace>http://Navigation/</default-namespace>
</portlet-app>
