<?xml version="1.0" encoding="UTF-8"?>
<portlet-app xmlns="http://java.sun.com/xml/ns/portlet/portlet-app_2_0.xsd" version="2.0" xmlns:xsi="http://www.w3.org/2001/XMLSchema-instance" xsi:schemaLocation="http://java.sun.com/xml/ns/portlet/portlet-app_2_0.xsd http://java.sun.com/xml/ns/portlet/portlet-app_2_0.xsd" id="com.ibs.portlet.IBSCustomPortlet9.9daaf35fa9">
	<portlet>
		<portlet-name>MySpacePortlet</portlet-name>
		<display-name xml:lang="bg">Моето пространство</display-name>
		<display-name xml:lang="en">My Space</display-name>
		<display-name>My Space</display-name>
		<portlet-class>com.ibs.myspace.portlet.MySpacePortlet</portlet-class>
		<init-param>
			<name>wps.markup</name>
			<value>html</value>
		</init-param>
		<expiration-cache>0</expiration-cache>
		<supports>
			<mime-type>text/html</mime-type>
			<portlet-mode>view</portlet-mode>
			<portlet-mode>config</portlet-mode>
			<portlet-mode>edit_defaults</portlet-mode>
		</supports>
		<supported-locale>en</supported-locale>
		<supported-locale>bg</supported-locale>
		<resource-bundle>com.ibs.myspace.portlet.nl.MySpacePortletResource</resource-bundle>
		<portlet-info>
			<title>My Space</title>
			<short-title>My Space</short-title>
			<keywords>space</keywords>
		</portlet-info>
		<portlet-preferences>
			<preference>
				<name>wps.results.per.page</name>
				<value>10</value>
			</preference>
			 <preference>
				<name>language</name>
				<value>bg</value>
			</preference>
            <preference>
				<name>debug</name>
				<value>false</value>
			</preference>
		</portlet-preferences>
	</portlet>
	<custom-portlet-mode>
		<portlet-mode>config</portlet-mode>
	</custom-portlet-mode>
	<custom-portlet-mode>
		<portlet-mode>edit_defaults</portlet-mode>
	</custom-portlet-mode>
	<default-namespace>http://MySpacePortlet/</default-namespace>	
</portlet-app>
