<?xml version="1.0"?>
<portlet-app xmlns="http://java.sun.com/xml/ns/portlet/portlet-app_2_0.xsd"
             xmlns:xsi="http://www.w3.org/2001/XMLSchema-instance" 
             xsi:schemaLocation="http://java.sun.com/xml/ns/portlet/portlet-app_2_0.xsd http://java.sun.com/xml/ns/portlet/portlet-app_2_0.xsd"
             version="2.0" id="bg.ibs.user.profile.manager.portlet.UserProfileManagerPortlet.663a19e1af">
	<portlet>
		<portlet-name>UserProfileManagerPortlet</portlet-name>
		<display-name>UserProfile (Manager)</display-name>
        <portlet-class>org.springframework.web.portlet.DispatcherPortlet</portlet-class>
        <init-param>
		  <name>wps.markup</name>
		  <value>html</value>
		</init-param>
		<expiration-cache>0</expiration-cache>
		<supports>
			<mime-type>text/html</mime-type>
			<portlet-mode>view</portlet-mode>
			<portlet-mode>edit_defaults</portlet-mode>
		</supports>
		<supported-locale>en</supported-locale>
		<supported-locale>bg</supported-locale>
		<resource-bundle>bg.ibs.user.profile.manager.portlet.nl.UserProfileManagerPortletResource</resource-bundle>
		<portlet-info>
			<title>UserProfileManagerPortlet</title>
			<short-title>UserProfileManagerPortlet</short-title>
			<keywords>user,profile,manager</keywords>
		</portlet-info>
		<portlet-preferences>
			<preference>
				<name>wps.results.per.page</name>
				<value>10</value>
			</preference>
			 <preference>
				<name>language</name>
				<value>bg</value>
			</preference>
            <preference>
				<name>debug</name>
				<value>false</value>
			</preference>
		</portlet-preferences>
	</portlet>
	<default-namespace>http://UserProfileManagerPortlet</default-namespace>
</portlet-app>